#Data Inserts
Use final_project_4;

#Department Inserts
insert into Department (DeptID, DeptName) values (1, 'Training');
insert into Department (DeptID, DeptName) values (2, 'Support');
insert into Department (DeptID, DeptName) values (3, 'Business Development');
insert into Department (DeptID, DeptName) values (4, 'Legal');
insert into Department (DeptID, DeptName) values (5, 'Product Management');

#Moderator Inserts
insert into Moderator (ModeratorID, DeptID, MFirstName, MLastName) values (1, 2, 'Dulcinea', 'Baillie');
insert into Moderator (ModeratorID, DeptID, MFirstName, MLastName) values (2, 4, 'Dunn', 'Kleinschmidt');
insert into Moderator (ModeratorID, DeptID, MFirstName, MLastName) values (3, 5, 'Benetta', 'Wegenen');
insert into Moderator (ModeratorID, DeptID, MFirstName, MLastName) values (4, 1, 'Cyrille', 'Charsley');
insert into Moderator (ModeratorID, DeptID, MFirstName, MLastName) values (5, 1, 'Jerri', 'Deroche');

#FoodCategory
insert into FoodCategory (CategoryID, CategoryName) values (1, 'Panamanian');
insert into FoodCategory (CategoryID, CategoryName) values (2, 'Delaware');
insert into FoodCategory (CategoryID, CategoryName) values (3, 'Costa Rican');
insert into FoodCategory (CategoryID, CategoryName) values (4, 'Aleut');
insert into FoodCategory (CategoryID, CategoryName) values (5, 'Chippewa');
insert into FoodCategory (CategoryID, CategoryName) values (6, 'Peruvian');
insert into FoodCategory (CategoryID, CategoryName) values (7, 'Black or African American');
insert into FoodCategory (CategoryID, CategoryName) values (8, 'Chilean');
insert into FoodCategory (CategoryID, CategoryName) values (9, 'Potawatomi');
insert into FoodCategory (CategoryID, CategoryName) values (10, 'Venezuelan');
insert into FoodCategory (CategoryID, CategoryName) values (11, 'Chamorro');
insert into FoodCategory (CategoryID, CategoryName) values (12, 'Yaqui');
insert into FoodCategory (CategoryID, CategoryName) values (13, 'Comanche');
insert into FoodCategory (CategoryID, CategoryName) values (14, 'Iroquois');
insert into FoodCategory (CategoryID, CategoryName) values (15, 'Mexican');


#RestProfile Inserts
insert into RestProfile (RestProfileID, MenuInput) values (1, 'Shortbread - Cookie Crumbs');
insert into RestProfile (RestProfileID, MenuInput) values (2, 'Bok Choy - Baby');
insert into RestProfile (RestProfileID, MenuInput) values (3, 'Butter Ripple - Phillips');
insert into RestProfile (RestProfileID, MenuInput) values (4, 'Ecolab - Balanced Fusion');
insert into RestProfile (RestProfileID, MenuInput) values (5, 'Appetizer - Shrimp Puff');
insert into RestProfile (RestProfileID, MenuInput) values (6, 'Broccoli - Fresh');
insert into RestProfile (RestProfileID, MenuInput) values (7, 'Lamb - Sausage Casings');
insert into RestProfile (RestProfileID, MenuInput) values (8, 'Beets');
insert into RestProfile (RestProfileID, MenuInput) values (9, 'Bar Bran Honey Nut');
insert into RestProfile (RestProfileID, MenuInput) values (10, 'Beans - Kidney White');
insert into RestProfile (RestProfileID, MenuInput) values (11, 'Wine - Chablis 2003 Champs');
insert into RestProfile (RestProfileID, MenuInput) values (12, 'Puree - Strawberry');
insert into RestProfile (RestProfileID, MenuInput) values (13, 'Glaze - Clear');
insert into RestProfile (RestProfileID, MenuInput) values (14, 'Island Oasis - Wildberry');
insert into RestProfile (RestProfileID, MenuInput) values (15, 'Pepper - Scotch Bonnet');
insert into RestProfile (RestProfileID, MenuInput) values (16, 'Oil - Margarine');
insert into RestProfile (RestProfileID, MenuInput) values (17, 'Wine - Alsace Gewurztraminer');
insert into RestProfile (RestProfileID, MenuInput) values (18, 'Wine - Trimbach Pinot Blanc');
insert into RestProfile (RestProfileID, MenuInput) values (19, 'Napkin - Dinner, White');
insert into RestProfile (RestProfileID, MenuInput) values (20, 'Apricots - Dried');
insert into RestProfile (RestProfileID, MenuInput) values (21, 'Zucchini - Yellow');
insert into RestProfile (RestProfileID, MenuInput) values (22, 'Coffee - Hazelnut Cream');
insert into RestProfile (RestProfileID, MenuInput) values (23, 'Fruit Salad Deluxe');
insert into RestProfile (RestProfileID, MenuInput) values (24, 'Wine - Red, Mouton Cadet');
insert into RestProfile (RestProfileID, MenuInput) values (25, 'V8 - Tropical Blend');
insert into RestProfile (RestProfileID, MenuInput) values (26, 'Cognac - Courvaisier');
insert into RestProfile (RestProfileID, MenuInput) values (27, 'Lemonade - Natural, 591 Ml');
insert into RestProfile (RestProfileID, MenuInput) values (28, 'Yucca');
insert into RestProfile (RestProfileID, MenuInput) values (29, 'Wine - White, Gewurtzraminer');
insert into RestProfile (RestProfileID, MenuInput) values (30, 'Island Oasis - Ice Cream Mix');
insert into RestProfile (RestProfileID, MenuInput) values (31, 'Versatainer Nc - 8288');
insert into RestProfile (RestProfileID, MenuInput) values (32, 'Duck - Legs');
insert into RestProfile (RestProfileID, MenuInput) values (33, 'Sugar - Palm');
insert into RestProfile (RestProfileID, MenuInput) values (34, 'Milk - Chocolate 500ml');
insert into RestProfile (RestProfileID, MenuInput) values (35, 'Table Cloth 90x90 Colour');
insert into RestProfile (RestProfileID, MenuInput) values (36, 'Apple - Macintosh');
insert into RestProfile (RestProfileID, MenuInput) values (37, 'Table Cloth 62x114 White');
insert into RestProfile (RestProfileID, MenuInput) values (38, 'Wine - Beaujolais Villages');
insert into RestProfile (RestProfileID, MenuInput) values (39, 'Table Cloth 54x54 White');
insert into RestProfile (RestProfileID, MenuInput) values (40, 'Wild Boar - Tenderloin');
insert into RestProfile (RestProfileID, MenuInput) values (41, 'Juice - Cranberry, 341 Ml');
insert into RestProfile (RestProfileID, MenuInput) values (42, 'Alize Gold Passion');
insert into RestProfile (RestProfileID, MenuInput) values (43, 'Cheese - Bocconcini');
insert into RestProfile (RestProfileID, MenuInput) values (44, 'Bread - Pain Au Liat X12');
insert into RestProfile (RestProfileID, MenuInput) values (45, 'Muffin Carrot - Individual');
insert into RestProfile (RestProfileID, MenuInput) values (46, 'Oil - Peanut');
insert into RestProfile (RestProfileID, MenuInput) values (47, 'Beer - Moosehead');
insert into RestProfile (RestProfileID, MenuInput) values (48, 'Tea - Lemon Green Tea');
insert into RestProfile (RestProfileID, MenuInput) values (49, 'Scallops - U - 10');
insert into RestProfile (RestProfileID, MenuInput) values (50, 'Haggis');

#Rest Inserts
insert into Rest (ModeratorID, RestProfileID, RestName, CategoryID, CardInfo) values (3, 8, 'Hagenes and Sons', 10, '3539891997672163');
insert into Rest (ModeratorID, RestProfileID, RestName, CategoryID, CardInfo) values (2, 32, 'Pfannerstill Inc', 2, '4913071357937522');
insert into Rest (ModeratorID, RestProfileID, RestName, CategoryID, CardInfo) values (2, 29, 'Renner, Volkman and Schaden', 4, '372458675255103');
insert into Rest (ModeratorID, RestProfileID, RestName, CategoryID, CardInfo) values (3, 22, 'Welch-Lynch', 12, '3549564771402291');
insert into Rest (ModeratorID, RestProfileID, RestName, CategoryID, CardInfo) values (4, 28, 'Bogisich Inc', 11, '3577890192470939');
insert into Rest (ModeratorID, RestProfileID, RestName, CategoryID, CardInfo) values (1, 42, 'Hermiston Inc', 6, '3575966189121743');
insert into Rest (ModeratorID, RestProfileID, RestName, CategoryID, CardInfo) values (4, 7, 'Buckridge Group', 2, null);
insert into Rest (ModeratorID, RestProfileID, RestName, CategoryID, CardInfo) values (4, 2, 'Beier-Klocko', 3, null);
insert into Rest (ModeratorID, RestProfileID, RestName, CategoryID, CardInfo) values (4, 41, 'Baumbach Inc', 10, '3586976639441002');
insert into Rest (ModeratorID, RestProfileID, RestName, CategoryID, CardInfo) values (5, 6, 'Cummerata-Erdman', 6, '3566203341861573');
insert into Rest (ModeratorID, RestProfileID, RestName, CategoryID, CardInfo) values (5, 30, 'Gislason, Howell and Murphy', 9, '3540061460915542');
insert into Rest (ModeratorID, RestProfileID, RestName, CategoryID, CardInfo) values (1, 21, 'Vandervort and Sons', 9, '5521926660492609');
insert into Rest (ModeratorID, RestProfileID, RestName, CategoryID, CardInfo) values (4, 45, 'Deckow and Sons', 4, null);
insert into Rest (ModeratorID, RestProfileID, RestName, CategoryID, CardInfo) values (4, 38, 'Schneider-Mraz', 8, '3532138070181754');
insert into Rest (ModeratorID, RestProfileID, RestName, CategoryID, CardInfo) values (3, 20, 'Brown, Hamill and Botsford', 13, '4508633238818642');
insert into Rest (ModeratorID, RestProfileID, RestName, CategoryID, CardInfo) values (4, 8, 'Kozey-Kling', 12, '4917002609520671');
insert into Rest (ModeratorID, RestProfileID, RestName, CategoryID, CardInfo) values (3, 45, 'Koch Inc', 14, '6375593788835708');
insert into Rest (ModeratorID, RestProfileID, RestName, CategoryID, CardInfo) values (2, 17, 'Zulauf-Stamm', 1, '5437945309889978');
insert into Rest (ModeratorID, RestProfileID, RestName, CategoryID, CardInfo) values (2, 35, 'Jakubowski-Vandervort', 14, '3573401219766251');
insert into Rest (ModeratorID, RestProfileID, RestName, CategoryID, CardInfo) values (4, 40, 'Ernser, Rippin and Schaefer', 6, null);
insert into Rest (ModeratorID, RestProfileID, RestName, CategoryID, CardInfo) values (2, 2, 'Carroll-Raynor', 12, '3551563665877225');
insert into Rest (ModeratorID, RestProfileID, RestName, CategoryID, CardInfo) values (3, 11, 'Ward LLC', 2, '6761398183849964999');
insert into Rest (ModeratorID, RestProfileID, RestName, CategoryID, CardInfo) values (1, 29, 'Hermiston, Marquardt and Nitzsche', 6, '30414112245417');
insert into Rest (ModeratorID, RestProfileID, RestName, CategoryID, CardInfo) values (3, 40, 'Wolf-Hirthe', 9, '3583152068427606');
insert into Rest (ModeratorID, RestProfileID, RestName, CategoryID, CardInfo) values (4, 13, 'Bruen-Ebert', 9, null);
insert into Rest (ModeratorID, RestProfileID, RestName, CategoryID, CardInfo) values (3, 21, 'Dickens Inc', 10, '3589246732323912');
insert into Rest (ModeratorID, RestProfileID, RestName, CategoryID, CardInfo) values (5, 27, 'Wisoky, Schulist and Ledner', 8, '5610605945194824');
insert into Rest (ModeratorID, RestProfileID, RestName, CategoryID, CardInfo) values (4, 22, 'Rau, Hand and Koss', 4, '5529969445052738');
insert into Rest (ModeratorID, RestProfileID, RestName, CategoryID, CardInfo) values (4, 25, 'Bergnaum, Moen and Haag', 1, '30438731905077');
insert into Rest (ModeratorID, RestProfileID, RestName, CategoryID, CardInfo) values (5, 44, 'Hoeger-Douglas', 12, '376526386101018');
insert into Rest (ModeratorID, RestProfileID, RestName, CategoryID, CardInfo) values (3, 2, 'Leffler, Hills and Torphy', 10, '6759512734067998286');
insert into Rest (ModeratorID, RestProfileID, RestName, CategoryID, CardInfo) values (3, 34, 'Collier, Jaskolski and Borer', 9, null);
insert into Rest (ModeratorID, RestProfileID, RestName, CategoryID, CardInfo) values (4, 32, 'Hintz, Sanford and Green', 12, '3585804028776179');
insert into Rest (ModeratorID, RestProfileID, RestName, CategoryID, CardInfo) values (3, 5, 'Ziemann LLC', 1, null);
insert into Rest (ModeratorID, RestProfileID, RestName, CategoryID, CardInfo) values (1, 40, 'Waters-Ward', 15, '6759061165702376');
insert into Rest (ModeratorID, RestProfileID, RestName, CategoryID, CardInfo) values (5, 17, 'Barton-Zemlak', 2, '5537948509657814');
insert into Rest (ModeratorID, RestProfileID, RestName, CategoryID, CardInfo) values (4, 27, 'McDermott, Hamill and Hahn', 10, '5492768535133850');
insert into Rest (ModeratorID, RestProfileID, RestName, CategoryID, CardInfo) values (1, 13, 'Schamberger, Thiel and Schmidt', 14, '6706125781717983432');
insert into Rest (ModeratorID, RestProfileID, RestName, CategoryID, CardInfo) values (5, 15, 'Ryan, Hudson and Dibbert', 4, '3584521291409608');
insert into Rest (ModeratorID, RestProfileID, RestName, CategoryID, CardInfo) values (1, 8, 'Zboncak, Torp and Botsford', 10, '6761501938356666418');
insert into Rest (ModeratorID, RestProfileID, RestName, CategoryID, CardInfo) values (2, 39, 'Effertz-Lakin', 5, null);
insert into Rest (ModeratorID, RestProfileID, RestName, CategoryID, CardInfo) values (5, 48, 'Fay-Stark', 3, '3564807116816497');
insert into Rest (ModeratorID, RestProfileID, RestName, CategoryID, CardInfo) values (2, 32, 'Barton Group', 1, null);
insert into Rest (ModeratorID, RestProfileID, RestName, CategoryID, CardInfo) values (4, 29, 'Jacobson and Sons', 3, null);
insert into Rest (ModeratorID, RestProfileID, RestName, CategoryID, CardInfo) values (2, 10, 'Littel, Hauck and Stark', 11, '3544359620818929');
insert into Rest (ModeratorID, RestProfileID, RestName, CategoryID, CardInfo) values (1, 40, 'Okuneva Inc', 1, null);
insert into Rest (ModeratorID, RestProfileID, RestName, CategoryID, CardInfo) values (3, 21, 'Morar Group', 5, '3567611582448562');
insert into Rest (ModeratorID, RestProfileID, RestName, CategoryID, CardInfo) values (3, 9, 'Leffler, Nolan and Rutherford', 9, null);
insert into Rest (ModeratorID, RestProfileID, RestName, CategoryID, CardInfo) values (4, 23, 'Feeney Inc', 10, '5602226496891872');
insert into Rest (ModeratorID, RestProfileID, RestName, CategoryID, CardInfo) values (3, 43, 'Wiza and Sons', 15, '3555072104238953');

#Menu Item Inserts
insert into RestItem (RestItemID, RestProfileID, ItemName, ItemDescription) values (1, 32, 'Table Cloth 62x114 Colour', 'leverage viral content');
insert into RestItem (RestItemID, RestProfileID, ItemName, ItemDescription) values (2, 30, 'Tea - Mint', 'incubate visionary eyeballs');
insert into RestItem (RestItemID, RestProfileID, ItemName, ItemDescription) values (3, 34, 'Beans - Turtle, Black, Dry', 'monetize customized applications');
insert into RestItem (RestItemID, RestProfileID, ItemName, ItemDescription) values (4, 42, 'Chocolate - Pistoles, White', 'deploy clicks-and-mortar relationships');
insert into RestItem (RestItemID, RestProfileID, ItemName, ItemDescription) values (5, 3, 'Coffee - Decafenated', 'engage front-end e-tailers');
insert into RestItem (RestItemID, RestProfileID, ItemName, ItemDescription) values (6, 31, 'Red Cod Fillets - 225g', 'streamline 24/7 vortals');
insert into RestItem (RestItemID, RestProfileID, ItemName, ItemDescription) values (7, 40, 'Wine - Magnotta, White', 'syndicate sticky supply-chains');
insert into RestItem (RestItemID, RestProfileID, ItemName, ItemDescription) values (8, 5, 'Cactus Pads', 'scale one-to-one infrastructures');
insert into RestItem (RestItemID, RestProfileID, ItemName, ItemDescription) values (9, 13, 'Lettuce - Treviso', 'generate bleeding-edge architectures');
insert into RestItem (RestItemID, RestProfileID, ItemName, ItemDescription) values (10, 27, 'Milk - Condensed', 'incubate visionary solutions');
insert into RestItem (RestItemID, RestProfileID, ItemName, ItemDescription) values (11, 38, 'Mortadella', 'engineer dynamic infomediaries');
insert into RestItem (RestItemID, RestProfileID, ItemName, ItemDescription) values (12, 3, 'Spic And Span All Purpose', 'harness clicks-and-mortar portals');
insert into RestItem (RestItemID, RestProfileID, ItemName, ItemDescription) values (13, 30, 'Milk - 2% 250 Ml', 'productize compelling initiatives');
insert into RestItem (RestItemID, RestProfileID, ItemName, ItemDescription) values (14, 20, 'Banana - Green', 'matrix value-added models');
insert into RestItem (RestItemID, RestProfileID, ItemName, ItemDescription) values (15, 22, 'Shrimp - 16 - 20 Cooked, Peeled', 'incentivize ubiquitous methodologies');
insert into RestItem (RestItemID, RestProfileID, ItemName, ItemDescription) values (16, 43, 'Sour Puss Sour Apple', 'innovate granular models');
insert into RestItem (RestItemID, RestProfileID, ItemName, ItemDescription) values (17, 8, 'Bonito Flakes - Toku Katsuo', 'deliver distributed methodologies');
insert into RestItem (RestItemID, RestProfileID, ItemName, ItemDescription) values (18, 36, 'Soup - Cream Of Broccoli', 'benchmark out-of-the-box portals');
insert into RestItem (RestItemID, RestProfileID, ItemName, ItemDescription) values (19, 36, 'Water - Perrier', 'evolve front-end experiences');
insert into RestItem (RestItemID, RestProfileID, ItemName, ItemDescription) values (20, 16, 'Cups 10oz Trans', 'transition seamless systems');
insert into RestItem (RestItemID, RestProfileID, ItemName, ItemDescription) values (21, 45, 'Sobe - Berry Energy', 'incentivize bleeding-edge communities');
insert into RestItem (RestItemID, RestProfileID, ItemName, ItemDescription) values (22, 50, 'Corn - Mini', 'revolutionize e-business architectures');
insert into RestItem (RestItemID, RestProfileID, ItemName, ItemDescription) values (23, 22, 'Sprouts - Baby Pea Tendrils', 'expedite global ROI');
insert into RestItem (RestItemID, RestProfileID, ItemName, ItemDescription) values (24, 7, 'Cheese - Colby', 'visualize clicks-and-mortar supply-chains');
insert into RestItem (RestItemID, RestProfileID, ItemName, ItemDescription) values (25, 31, 'Grapes - Green', 'cultivate granular convergence');
insert into RestItem (RestItemID, RestProfileID, ItemName, ItemDescription) values (26, 16, 'Bread - Multigrain Oval', 'incubate bricks-and-clicks web services');
insert into RestItem (RestItemID, RestProfileID, ItemName, ItemDescription) values (27, 48, 'Wine - White, Chardonnay', 'cultivate global convergence');
insert into RestItem (RestItemID, RestProfileID, ItemName, ItemDescription) values (28, 20, 'Beans - Wax', 'deliver frictionless synergies');
insert into RestItem (RestItemID, RestProfileID, ItemName, ItemDescription) values (29, 25, 'Drambuie', 'extend world-class interfaces');
insert into RestItem (RestItemID, RestProfileID, ItemName, ItemDescription) values (30, 21, 'Everfresh Products', 'enable B2B platforms');
insert into RestItem (RestItemID, RestProfileID, ItemName, ItemDescription) values (31, 42, 'V8 Splash Strawberry Banana', 'enhance back-end e-business');
insert into RestItem (RestItemID, RestProfileID, ItemName, ItemDescription) values (32, 46, 'Relish', 'target user-centric functionalities');
insert into RestItem (RestItemID, RestProfileID, ItemName, ItemDescription) values (33, 34, 'Juice - Pineapple, 48 Oz', 'innovate compelling markets');
insert into RestItem (RestItemID, RestProfileID, ItemName, ItemDescription) values (34, 36, 'Pasta - Fett Alfredo, Single Serve', 'deploy revolutionary channels');
insert into RestItem (RestItemID, RestProfileID, ItemName, ItemDescription) values (35, 39, 'Petite Baguette', 'cultivate dot-com synergies');
insert into RestItem (RestItemID, RestProfileID, ItemName, ItemDescription) values (36, 42, 'Crush - Orange, 355ml', 'enhance enterprise vortals');
insert into RestItem (RestItemID, RestProfileID, ItemName, ItemDescription) values (37, 22, 'Carroway Seed', 'disintermediate dot-com applications');
insert into RestItem (RestItemID, RestProfileID, ItemName, ItemDescription) values (38, 7, 'Wine - Magnotta, Merlot Sr Vqa', 'exploit mission-critical action-items');
insert into RestItem (RestItemID, RestProfileID, ItemName, ItemDescription) values (39, 23, 'Corn Kernels - Frozen', 'revolutionize out-of-the-box e-tailers');
insert into RestItem (RestItemID, RestProfileID, ItemName, ItemDescription) values (40, 45, 'Brandy - Bar', 'envisioneer virtual paradigms');
insert into RestItem (RestItemID, RestProfileID, ItemName, ItemDescription) values (41, 9, 'Lid - 3oz Med Rec', 'recontextualize B2C e-commerce');
insert into RestItem (RestItemID, RestProfileID, ItemName, ItemDescription) values (42, 14, 'Tomato - Plum With Basil', 'evolve 24/7 users');
insert into RestItem (RestItemID, RestProfileID, ItemName, ItemDescription) values (43, 41, 'Pasta - Fettuccine, Egg, Fresh', 'integrate scalable channels');
insert into RestItem (RestItemID, RestProfileID, ItemName, ItemDescription) values (44, 34, 'Pie Shell - 9', 'aggregate intuitive partnerships');
insert into RestItem (RestItemID, RestProfileID, ItemName, ItemDescription) values (45, 26, 'Oats Large Flake', 'envisioneer real-time web-readiness');
insert into RestItem (RestItemID, RestProfileID, ItemName, ItemDescription) values (46, 14, 'Butter Sweet', 'evolve mission-critical architectures');
insert into RestItem (RestItemID, RestProfileID, ItemName, ItemDescription) values (47, 17, 'Pork - Loin, Center Cut', 'visualize cross-media platforms');
insert into RestItem (RestItemID, RestProfileID, ItemName, ItemDescription) values (48, 27, 'Oil - Peanut', 'extend extensible portals');
insert into RestItem (RestItemID, RestProfileID, ItemName, ItemDescription) values (49, 32, 'Coffee - Hazelnut Cream', 'reinvent magnetic synergies');
insert into RestItem (RestItemID, RestProfileID, ItemName, ItemDescription) values (50, 32, 'Everfresh Products', 'drive synergistic partnerships');

#PremSub Inserts
insert into PremSub (SubscriptionID, RestID, Price) values (1, 1, 727.67);
insert into PremSub (SubscriptionID, RestID, Price) values (2, 2, 865.53);
insert into PremSub (SubscriptionID, RestID, Price) values (3, 3, 812.97);
insert into PremSub (SubscriptionID, RestID, Price) values (4, 4, 698.7);
insert into PremSub (SubscriptionID, RestID, Price) values (5, 5, 883.23);
insert into PremSub (SubscriptionID, RestID, Price) values (6, 6, 594.23);
insert into PremSub (SubscriptionID, RestID, Price) values (7, 7, 810.45);
insert into PremSub (SubscriptionID, RestID, Price) values (8, 8, 539.92);
insert into PremSub (SubscriptionID, RestID, Price) values (9, 9, 804.97);
insert into PremSub (SubscriptionID, RestID, Price) values (10, 10, 786.55);
insert into PremSub (SubscriptionID, RestID, Price) values (11, 11, 813.37);
insert into PremSub (SubscriptionID, RestID, Price) values (12, 12, 944.83);
insert into PremSub (SubscriptionID, RestID, Price) values (13, 13, 501.03);
insert into PremSub (SubscriptionID, RestID, Price) values (14, 14, 904.61);
insert into PremSub (SubscriptionID, RestID, Price) values (15, 15, 985.42);
insert into PremSub (SubscriptionID, RestID, Price) values (16, 16, 957.14);
insert into PremSub (SubscriptionID, RestID, Price) values (17, 17, 525.07);
insert into PremSub (SubscriptionID, RestID, Price) values (18, 18, 866.03);
insert into PremSub (SubscriptionID, RestID, Price) values (19, 19, 859.36);
insert into PremSub (SubscriptionID, RestID, Price) values (20, 20, 533.17);
insert into PremSub (SubscriptionID, RestID, Price) values (21, 21, 776.74);
insert into PremSub (SubscriptionID, RestID, Price) values (22, 22, 522.51);
insert into PremSub (SubscriptionID, RestID, Price) values (23, 23, 622.02);
insert into PremSub (SubscriptionID, RestID, Price) values (24, 24, 721.79);
insert into PremSub (SubscriptionID, RestID, Price) values (25, 25, 712.67);
insert into PremSub (SubscriptionID, RestID, Price) values (26, 26, 579.46);
insert into PremSub (SubscriptionID, RestID, Price) values (27, 27, 543.78);
insert into PremSub (SubscriptionID, RestID, Price) values (28, 28, 592.01);
insert into PremSub (SubscriptionID, RestID, Price) values (29, 29, 929.06);
insert into PremSub (SubscriptionID, RestID, Price) values (30, 30, 709.35);
insert into PremSub (SubscriptionID, RestID, Price) values (31, 31, 643.69);
insert into PremSub (SubscriptionID, RestID, Price) values (32, 32, 898.47);
insert into PremSub (SubscriptionID, RestID, Price) values (33, 33, 987.54);
insert into PremSub (SubscriptionID, RestID, Price) values (34, 34, 583.35);
insert into PremSub (SubscriptionID, RestID, Price) values (35, 35, 728.21);
insert into PremSub (SubscriptionID, RestID, Price) values (36, 36, 996.4);
insert into PremSub (SubscriptionID, RestID, Price) values (37, 37, 614.41);
insert into PremSub (SubscriptionID, RestID, Price) values (38, 38, 920.86);
insert into PremSub (SubscriptionID, RestID, Price) values (39, 39, 525.11);
insert into PremSub (SubscriptionID, RestID, Price) values (40, 40, 878.4);
insert into PremSub (SubscriptionID, RestID, Price) values (41, 41, 709.61);
insert into PremSub (SubscriptionID, RestID, Price) values (42, 42, 820.52);
insert into PremSub (SubscriptionID, RestID, Price) values (43, 43, 764.63);
insert into PremSub (SubscriptionID, RestID, Price) values (44, 44, 520.08);
insert into PremSub (SubscriptionID, RestID, Price) values (45, 45, 699.28);
insert into PremSub (SubscriptionID, RestID, Price) values (46, 46, 882.88);
insert into PremSub (SubscriptionID, RestID, Price) values (47, 47, 767.5);
insert into PremSub (SubscriptionID, RestID, Price) values (48, 48, 701.73);
insert into PremSub (SubscriptionID, RestID, Price) values (49, 49, 912.06);
insert into PremSub (SubscriptionID, RestID, Price) values (50, 50, 581.28);

#Userx Inserts
INSERT INTO Userx(UserID,ModeratorID,FirstName,LastName,Gender,StarSign,City,State,Age) VALUES (1,1,'Kameko','Joye','F','Taurus','San Antonio','Texas',55);
INSERT INTO Userx(UserID,ModeratorID,FirstName,LastName,Gender,StarSign,City,State,Age) VALUES (2,5,'Gasper','Simonutti','M','Pisces','Dallas','Texas',73);
INSERT INTO Userx(UserID,ModeratorID,FirstName,LastName,Gender,StarSign,City,State,Age) VALUES (3,2,'Rutledge','Callaway','M','Cancer','Norfolk','Virginia',34);
INSERT INTO Userx(UserID,ModeratorID,FirstName,LastName,Gender,StarSign,City,State,Age) VALUES (4,5,'Hernando','Badman','M','Aries','White Plains','New York',30);
INSERT INTO Userx(UserID,ModeratorID,FirstName,LastName,Gender,StarSign,City,State,Age) VALUES (5,2,'Janna','Caveill','F','Libra','Tampa','Florida',58);
INSERT INTO Userx(UserID,ModeratorID,FirstName,LastName,Gender,StarSign,City,State,Age) VALUES (6,5,'Florette','Patershall','F','Leo','Memphis','Tennessee',97);
INSERT INTO Userx(UserID,ModeratorID,FirstName,LastName,Gender,StarSign,City,State,Age) VALUES (7,5,'Wallas','Matessian','M','Gemini','Miami','Florida',25);
INSERT INTO Userx(UserID,ModeratorID,FirstName,LastName,Gender,StarSign,City,State,Age) VALUES (8,5,'Clio','Farndale','F','Aquarius','El Paso','Texas',73);
INSERT INTO Userx(UserID,ModeratorID,FirstName,LastName,Gender,StarSign,City,State,Age) VALUES (9,1,'Doria','Tutsell','F','Virgo','Tucson','Arizona',82);
INSERT INTO Userx(UserID,ModeratorID,FirstName,LastName,Gender,StarSign,City,State,Age) VALUES (10,2,'Carolee','Delgua','F','Sagittarius','Gainesville','Georgia',69);
INSERT INTO Userx(UserID,ModeratorID,FirstName,LastName,Gender,StarSign,City,State,Age) VALUES (11,1,'Alva','Garforth','M','Capricorn','Great Neck','New York',81);
INSERT INTO Userx(UserID,ModeratorID,FirstName,LastName,Gender,StarSign,City,State,Age) VALUES (12,5,'Blair','Clempton','M','Scorpio','San Diego','California',21);
INSERT INTO Userx(UserID,ModeratorID,FirstName,LastName,Gender,StarSign,City,State,Age) VALUES (13,3,'Sunny','Tousey','F','Taurus','Canton','Ohio',43);
INSERT INTO Userx(UserID,ModeratorID,FirstName,LastName,Gender,StarSign,City,State,Age) VALUES (14,1,'Luella','Lesly','F','Pisces','Chandler','Arizona',56);
INSERT INTO Userx(UserID,ModeratorID,FirstName,LastName,Gender,StarSign,City,State,Age) VALUES (15,5,'Joannes','Bosward','F','Cancer','Tacoma','Washington',72);
INSERT INTO Userx(UserID,ModeratorID,FirstName,LastName,Gender,StarSign,City,State,Age) VALUES (16,2,'Erv','Whiles','M','Aries','Topeka','Kansas',35);
INSERT INTO Userx(UserID,ModeratorID,FirstName,LastName,Gender,StarSign,City,State,Age) VALUES (17,3,'Yulma','Thorington','M','Libra','Danbury','Connecticut',57);
INSERT INTO Userx(UserID,ModeratorID,FirstName,LastName,Gender,StarSign,City,State,Age) VALUES (18,3,'Jeffry','White','M','Aquarius','Reno','Nevada',81);
INSERT INTO Userx(UserID,ModeratorID,FirstName,LastName,Gender,StarSign,City,State,Age) VALUES (19,4,'Boycey','McJarrow','M','Virgo','New York City','New York',32);
INSERT INTO Userx(UserID,ModeratorID,FirstName,LastName,Gender,StarSign,City,State,Age) VALUES (20,3,'Griffin','Vispo','M','Sagittarius','Daytona Beach','Florida',58);
INSERT INTO Userx(UserID,ModeratorID,FirstName,LastName,Gender,StarSign,City,State,Age) VALUES (21,5,'Glenn','Kubasiewicz','M','Capricorn','Spokane','Washington',32);
INSERT INTO Userx(UserID,ModeratorID,FirstName,LastName,Gender,StarSign,City,State,Age) VALUES (22,2,'Carrie','Le Batteur','F','Scorpio','Yakima','Washington',55);
INSERT INTO Userx(UserID,ModeratorID,FirstName,LastName,Gender,StarSign,City,State,Age) VALUES (23,3,'Joell','McKelloch','F','Libra','Pittsburgh','Pennsylvania',41);
INSERT INTO Userx(UserID,ModeratorID,FirstName,LastName,Gender,StarSign,City,State,Age) VALUES (24,2,'Gwenette','Simakov','F','Leo','Atlanta','Georgia',58);
INSERT INTO Userx(UserID,ModeratorID,FirstName,LastName,Gender,StarSign,City,State,Age) VALUES (25,5,'Giavani','Wadwell','M','Gemini','Terre Haute','Indiana',45);
INSERT INTO Userx(UserID,ModeratorID,FirstName,LastName,Gender,StarSign,City,State,Age) VALUES (26,5,'Pietra','Riccardelli','F','Aquarius','New York City','New York',79);
INSERT INTO Userx(UserID,ModeratorID,FirstName,LastName,Gender,StarSign,City,State,Age) VALUES (27,2,'Lilli','Linny','F','Virgo','Greensboro','North Carolina',66);
INSERT INTO Userx(UserID,ModeratorID,FirstName,LastName,Gender,StarSign,City,State,Age) VALUES (28,5,'Shelley','Clayal','M','Sagittarius','Miami','Florida',86);
INSERT INTO Userx(UserID,ModeratorID,FirstName,LastName,Gender,StarSign,City,State,Age) VALUES (29,3,'Derrek','Lafoy','M','Capricorn','Cincinnati','Ohio',51);
INSERT INTO Userx(UserID,ModeratorID,FirstName,LastName,Gender,StarSign,City,State,Age) VALUES (30,5,'Wadsworth','Gillings','M','Taurus','Rochester','Minnesota',43);
INSERT INTO Userx(UserID,ModeratorID,FirstName,LastName,Gender,StarSign,City,State,Age) VALUES (31,2,'Hanan','Trayhorn','M','Pisces','Charlotte','North Carolina',68);
INSERT INTO Userx(UserID,ModeratorID,FirstName,LastName,Gender,StarSign,City,State,Age) VALUES (32,5,'Mahmoud','Dibben','M','Cancer','Memphis','Tennessee',70);
INSERT INTO Userx(UserID,ModeratorID,FirstName,LastName,Gender,StarSign,City,State,Age) VALUES (33,5,'Zonnya','Coneybeare','F','Aries','Rockville','Maryland',66);
INSERT INTO Userx(UserID,ModeratorID,FirstName,LastName,Gender,StarSign,City,State,Age) VALUES (34,1,'Farica','Auchterlony','F','Libra','Fort Worth','Texas',57);
INSERT INTO Userx(UserID,ModeratorID,FirstName,LastName,Gender,StarSign,City,State,Age) VALUES (35,3,'Jemie','Lucchi','F','Leo','Manassas','Virginia',53);
INSERT INTO Userx(UserID,ModeratorID,FirstName,LastName,Gender,StarSign,City,State,Age) VALUES (36,2,'Tildi','Camfield','F','Gemini','New Orleans','Louisiana',82);
INSERT INTO Userx(UserID,ModeratorID,FirstName,LastName,Gender,StarSign,City,State,Age) VALUES (37,4,'Aurea','Moutray Read','F','Aquarius','Roanoke','Virginia',28);
INSERT INTO Userx(UserID,ModeratorID,FirstName,LastName,Gender,StarSign,City,State,Age) VALUES (38,3,'Kacie','Devany','F','Libra','Racine','Wisconsin',66);
INSERT INTO Userx(UserID,ModeratorID,FirstName,LastName,Gender,StarSign,City,State,Age) VALUES (39,1,'Percy','Dargan','M','Leo','Dayton','Ohio',26);
INSERT INTO Userx(UserID,ModeratorID,FirstName,LastName,Gender,StarSign,City,State,Age) VALUES (40,5,'Ethelind','Huncote','F','Gemini','Miami','Florida',26);
INSERT INTO Userx(UserID,ModeratorID,FirstName,LastName,Gender,StarSign,City,State,Age) VALUES (41,2,'Leland','Largent','M','Aquarius','Scottsdale','Arizona',73);
INSERT INTO Userx(UserID,ModeratorID,FirstName,LastName,Gender,StarSign,City,State,Age) VALUES (42,4,'Charil','Haslam','F','Virgo','Memphis','Tennessee',33);
INSERT INTO Userx(UserID,ModeratorID,FirstName,LastName,Gender,StarSign,City,State,Age) VALUES (43,4,'Christean','Libero','F','Sagittarius','Peoria','Illinois',25);
INSERT INTO Userx(UserID,ModeratorID,FirstName,LastName,Gender,StarSign,City,State,Age) VALUES (44,5,'Paxton','Shillan','M','Capricorn','Saint Louis','Missouri',66);
INSERT INTO Userx(UserID,ModeratorID,FirstName,LastName,Gender,StarSign,City,State,Age) VALUES (45,3,'Cos','Burgill','M','Taurus','Pensacola','Florida',96);
INSERT INTO Userx(UserID,ModeratorID,FirstName,LastName,Gender,StarSign,City,State,Age) VALUES (46,1,'Louise','Terrelly','F','Pisces','Lake Charles','Louisiana',32);
INSERT INTO Userx(UserID,ModeratorID,FirstName,LastName,Gender,StarSign,City,State,Age) VALUES (47,5,'Penelopa','Chansonnau','F','Cancer','New Orleans','Louisiana',68);
INSERT INTO Userx(UserID,ModeratorID,FirstName,LastName,Gender,StarSign,City,State,Age) VALUES (48,1,'Nydia','Lucia','F','Aries','Fairfax','Virginia',86);
INSERT INTO Userx(UserID,ModeratorID,FirstName,LastName,Gender,StarSign,City,State,Age) VALUES (49,1,'David','Bruhke','M','Libra','Carson City','Nevada',73);
INSERT INTO Userx(UserID,ModeratorID,FirstName,LastName,Gender,StarSign,City,State,Age) VALUES (50,5,'Case','Passie','M','Taurus','Saint Louis','Missouri',59);


#UserProfile Inserts
INSERT INTO UserProfile(Username,UserID) VALUES ('gfruish0',1);
INSERT INTO UserProfile(Username,UserID) VALUES ('fwaberer1',2);
INSERT INTO UserProfile(Username,UserID) VALUES ('cbonhan2',3);
INSERT INTO UserProfile(Username,UserID) VALUES ('gthelwll3',4);
INSERT INTO UserProfile(Username,UserID) VALUES ('dbreslin4',5);
INSERT INTO UserProfile(Username,UserID) VALUES ('rdesbrow5',6);
INSERT INTO UserProfile(Username,UserID) VALUES ('apykerman6',7);
INSERT INTO UserProfile(Username,UserID) VALUES ('ocaws7',8);
INSERT INTO UserProfile(Username,UserID) VALUES ('lbollini8',9);
INSERT INTO UserProfile(Username,UserID) VALUES ('tjewks9',10);
INSERT INTO UserProfile(Username,UserID) VALUES ('wdarquea',11);
INSERT INTO UserProfile(Username,UserID) VALUES ('maveyb',12);
INSERT INTO UserProfile(Username,UserID) VALUES ('adussyc',13);
INSERT INTO UserProfile(Username,UserID) VALUES ('mmatczakd',14);
INSERT INTO UserProfile(Username,UserID) VALUES ('dcuddehye',15);
INSERT INTO UserProfile(Username,UserID) VALUES ('rwalwoodf',16);
INSERT INTO UserProfile(Username,UserID) VALUES ('csteptoweg',17);
INSERT INTO UserProfile(Username,UserID) VALUES ('mlepardh',18);
INSERT INTO UserProfile(Username,UserID) VALUES ('abiersi',19);
INSERT INTO UserProfile(Username,UserID) VALUES ('hjimenezj',20);
INSERT INTO UserProfile(Username,UserID) VALUES ('sradishk',21);
INSERT INTO UserProfile(Username,UserID) VALUES ('sdouthwaitel',22);
INSERT INTO UserProfile(Username,UserID) VALUES ('nfazziolim',23);
INSERT INTO UserProfile(Username,UserID) VALUES ('jpantridgen',24);
INSERT INTO UserProfile(Username,UserID) VALUES ('ekennerknechto',25);
INSERT INTO UserProfile(Username,UserID) VALUES ('avanderweedenburgp',26);
INSERT INTO UserProfile(Username,UserID) VALUES ('jguillartq',27);
INSERT INTO UserProfile(Username,UserID) VALUES ('pstroverr',28);
INSERT INTO UserProfile(Username,UserID) VALUES ('dpavitts',29);
INSERT INTO UserProfile(Username,UserID) VALUES ('adillamoret',30);
INSERT INTO UserProfile(Username,UserID) VALUES ('sbletsou',31);
INSERT INTO UserProfile(Username,UserID) VALUES ('fyousonv',32);
INSERT INTO UserProfile(Username,UserID) VALUES ('irudolphw',33);
INSERT INTO UserProfile(Username,UserID) VALUES ('jbernhardix',34);
INSERT INTO UserProfile(Username,UserID) VALUES ('gospillaney',35);
INSERT INTO UserProfile(Username,UserID) VALUES ('nallinsonz',36);
INSERT INTO UserProfile(Username,UserID) VALUES ('ocrottagh10',37);
INSERT INTO UserProfile(Username,UserID) VALUES ('enicol11',38);
INSERT INTO UserProfile(Username,UserID) VALUES ('sbridson12',39);
INSERT INTO UserProfile(Username,UserID) VALUES ('dfordy13',40);
INSERT INTO UserProfile(Username,UserID) VALUES ('gwinthrop14',41);
INSERT INTO UserProfile(Username,UserID) VALUES ('achitson15',42);
INSERT INTO UserProfile(Username,UserID) VALUES ('gstandring16',43);
INSERT INTO UserProfile(Username,UserID) VALUES ('cscrimgeour17',44);
INSERT INTO UserProfile(Username,UserID) VALUES ('mhawler18',45);
INSERT INTO UserProfile(Username,UserID) VALUES ('cblatherwick19',46);
INSERT INTO UserProfile(Username,UserID) VALUES ('gberrow1a',47);
INSERT INTO UserProfile(Username,UserID) VALUES ('apolley1b',48);
INSERT INTO UserProfile(Username,UserID) VALUES ('cabbison1c',49);
INSERT INTO UserProfile(Username,UserID) VALUES ('sfautly1d',50);

#Rating Inserts
insert into Rating (RatingID, RatingScore) values (1, 3.66);
insert into Rating (RatingID, RatingScore) values (2, 4.27);
insert into Rating (RatingID, RatingScore) values (3, 2.44);
insert into Rating (RatingID, RatingScore) values (4, 1.59);
insert into Rating (RatingID, RatingScore) values (5, 3.79);
insert into Rating (RatingID, RatingScore) values (6, 3.6);
insert into Rating (RatingID, RatingScore) values (7, 2.96);
insert into Rating (RatingID, RatingScore) values (8, 2.45);
insert into Rating (RatingID, RatingScore) values (9, 3.26);
insert into Rating (RatingID, RatingScore) values (10, 3.43);
insert into Rating (RatingID, RatingScore) values (11, 2.96);
insert into Rating (RatingID, RatingScore) values (12, 4.64);
insert into Rating (RatingID, RatingScore) values (13, 2.73);
insert into Rating (RatingID, RatingScore) values (14, 4.12);
insert into Rating (RatingID, RatingScore) values (15, 1.69);
insert into Rating (RatingID, RatingScore) values (16, 1.64);
insert into Rating (RatingID, RatingScore) values (17, 1.85);
insert into Rating (RatingID, RatingScore) values (18, 1.72);
insert into Rating (RatingID, RatingScore) values (19, 3.78);
insert into Rating (RatingID, RatingScore) values (20, 1.63);
insert into Rating (RatingID, RatingScore) values (21, 4.53);
insert into Rating (RatingID, RatingScore) values (22, 4.25);
insert into Rating (RatingID, RatingScore) values (23, 2.44);
insert into Rating (RatingID, RatingScore) values (24, 3.3);
insert into Rating (RatingID, RatingScore) values (25, 2.41);
insert into Rating (RatingID, RatingScore) values (26, 2.1);
insert into Rating (RatingID, RatingScore) values (27, 3.63);
insert into Rating (RatingID, RatingScore) values (28, 1.62);
insert into Rating (RatingID, RatingScore) values (29, 4.05);
insert into Rating (RatingID, RatingScore) values (30, 3.22);
insert into Rating (RatingID, RatingScore) values (31, 3.59);
insert into Rating (RatingID, RatingScore) values (32, 3.06);
insert into Rating (RatingID, RatingScore) values (33, 4.35);
insert into Rating (RatingID, RatingScore) values (34, 2.29);
insert into Rating (RatingID, RatingScore) values (35, 3.23);
insert into Rating (RatingID, RatingScore) values (36, 2.68);
insert into Rating (RatingID, RatingScore) values (37, 2.01);
insert into Rating (RatingID, RatingScore) values (38, 3.41);
insert into Rating (RatingID, RatingScore) values (39, 4.43);
insert into Rating (RatingID, RatingScore) values (40, 2.87);
insert into Rating (RatingID, RatingScore) values (41, 2.15);
insert into Rating (RatingID, RatingScore) values (42, 3.48);
insert into Rating (RatingID, RatingScore) values (43, 4.22);
insert into Rating (RatingID, RatingScore) values (44, 3.55);
insert into Rating (RatingID, RatingScore) values (45, 4.92);
insert into Rating (RatingID, RatingScore) values (46, 3.47);
insert into Rating (RatingID, RatingScore) values (47, 3.91);
insert into Rating (RatingID, RatingScore) values (48, 2.83);
insert into Rating (RatingID, RatingScore) values (49, 3.11);
insert into Rating (RatingID, RatingScore) values (50, 2.11);
insert into Rating (RatingID, RatingScore) values (51, 4.17);
insert into Rating (RatingID, RatingScore) values (52, 4.94);
insert into Rating (RatingID, RatingScore) values (53, 1.02);
insert into Rating (RatingID, RatingScore) values (54, 2.13);
insert into Rating (RatingID, RatingScore) values (55, 1.03);
insert into Rating (RatingID, RatingScore) values (56, 2.45);
insert into Rating (RatingID, RatingScore) values (57, 4.01);
insert into Rating (RatingID, RatingScore) values (58, 2.74);
insert into Rating (RatingID, RatingScore) values (59, 3.19);
insert into Rating (RatingID, RatingScore) values (60, 3.08);
insert into Rating (RatingID, RatingScore) values (61, 4.1);
insert into Rating (RatingID, RatingScore) values (62, 2.23);
insert into Rating (RatingID, RatingScore) values (63, 1.2);
insert into Rating (RatingID, RatingScore) values (64, 3.85);
insert into Rating (RatingID, RatingScore) values (65, 2.7);
insert into Rating (RatingID, RatingScore) values (66, 3.7);
insert into Rating (RatingID, RatingScore) values (67, 2.94);
insert into Rating (RatingID, RatingScore) values (68, 4.42);
insert into Rating (RatingID, RatingScore) values (69, 4.67);
insert into Rating (RatingID, RatingScore) values (70, 4.17);
insert into Rating (RatingID, RatingScore) values (71, 2.79);
insert into Rating (RatingID, RatingScore) values (72, 1.48);
insert into Rating (RatingID, RatingScore) values (73, 4.62);
insert into Rating (RatingID, RatingScore) values (74, 3.44);
insert into Rating (RatingID, RatingScore) values (75, 4.75);
insert into Rating (RatingID, RatingScore) values (76, 1.76);
insert into Rating (RatingID, RatingScore) values (77, 2.01);
insert into Rating (RatingID, RatingScore) values (78, 2.98);
insert into Rating (RatingID, RatingScore) values (79, 3.34);
insert into Rating (RatingID, RatingScore) values (80, 4.0);
insert into Rating (RatingID, RatingScore) values (81, 2.85);
insert into Rating (RatingID, RatingScore) values (82, 4.08);
insert into Rating (RatingID, RatingScore) values (83, 3.04);
insert into Rating (RatingID, RatingScore) values (84, 1.27);
insert into Rating (RatingID, RatingScore) values (85, 2.5);
insert into Rating (RatingID, RatingScore) values (86, 2.27);
insert into Rating (RatingID, RatingScore) values (87, 4.55);
insert into Rating (RatingID, RatingScore) values (88, 2.32);
insert into Rating (RatingID, RatingScore) values (89, 3.75);
insert into Rating (RatingID, RatingScore) values (90, 2.21);
insert into Rating (RatingID, RatingScore) values (91, 1.91);
insert into Rating (RatingID, RatingScore) values (92, 2.52);
insert into Rating (RatingID, RatingScore) values (93, 3.46);
insert into Rating (RatingID, RatingScore) values (94, 2.97);
insert into Rating (RatingID, RatingScore) values (95, 1.47);
insert into Rating (RatingID, RatingScore) values (96, 3.47);
insert into Rating (RatingID, RatingScore) values (97, 3.49);
insert into Rating (RatingID, RatingScore) values (98, 4.27);
insert into Rating (RatingID, RatingScore) values (99, 4.6);
insert into Rating (RatingID, RatingScore) values (100, 2.64);

#Post Inserts
INSERT INTO Post(PostID,ModeratorID,Username,RestProfileID,RatingID) VALUES (1,4,'gfruish0',1,44);
INSERT INTO Post(PostID,ModeratorID,Username,RestProfileID,RatingID) VALUES (2,2,'fwaberer1',11,45);
INSERT INTO Post(PostID,ModeratorID,Username,RestProfileID,RatingID) VALUES (3,4,'cbonhan2',31,31);
INSERT INTO Post(PostID,ModeratorID,Username,RestProfileID,RatingID) VALUES (4,2,'gthelwll3',6,21);
INSERT INTO Post(PostID,ModeratorID,Username,RestProfileID,RatingID) VALUES (5,1,'dbreslin4',4,19);
INSERT INTO Post(PostID,ModeratorID,Username,RestProfileID,RatingID) VALUES (6,2,'rdesbrow5',24,43);
INSERT INTO Post(PostID,ModeratorID,Username,RestProfileID,RatingID) VALUES (7,1,'apykerman6',44,26);
INSERT INTO Post(PostID,ModeratorID,Username,RestProfileID,RatingID) VALUES (8,5,'ocaws7',3,8);
INSERT INTO Post(PostID,ModeratorID,Username,RestProfileID,RatingID) VALUES (9,4,'lbollini8',36,38);
INSERT INTO Post(PostID,ModeratorID,Username,RestProfileID,RatingID) VALUES (10,3,'tjewks9',34,7);
INSERT INTO Post(PostID,ModeratorID,Username,RestProfileID,RatingID) VALUES (11,2,'wdarquea',29,2);
INSERT INTO Post(PostID,ModeratorID,Username,RestProfileID,RatingID) VALUES (12,2,'maveyb',50,7);
INSERT INTO Post(PostID,ModeratorID,Username,RestProfileID,RatingID) VALUES (13,1,'adussyc',11,16);
INSERT INTO Post(PostID,ModeratorID,Username,RestProfileID,RatingID) VALUES (14,1,'mmatczakd',26,33);
INSERT INTO Post(PostID,ModeratorID,Username,RestProfileID,RatingID) VALUES (15,3,'dcuddehye',39,2);
INSERT INTO Post(PostID,ModeratorID,Username,RestProfileID,RatingID) VALUES (16,2,'rwalwoodf',50,46);
INSERT INTO Post(PostID,ModeratorID,Username,RestProfileID,RatingID) VALUES (17,3,'csteptoweg',42,24);
INSERT INTO Post(PostID,ModeratorID,Username,RestProfileID,RatingID) VALUES (18,3,'mlepardh',44,20);
INSERT INTO Post(PostID,ModeratorID,Username,RestProfileID,RatingID) VALUES (19,1,'abiersi',2,23);
INSERT INTO Post(PostID,ModeratorID,Username,RestProfileID,RatingID) VALUES (20,1,'hjimenezj',32,33);
INSERT INTO Post(PostID,ModeratorID,Username,RestProfileID,RatingID) VALUES (21,1,'sradishk',29,19);
INSERT INTO Post(PostID,ModeratorID,Username,RestProfileID,RatingID) VALUES (22,3,'sdouthwaitel',11,19);
INSERT INTO Post(PostID,ModeratorID,Username,RestProfileID,RatingID) VALUES (23,4,'nfazziolim',7,27);
INSERT INTO Post(PostID,ModeratorID,Username,RestProfileID,RatingID) VALUES (24,4,'jpantridgen',2,32);
INSERT INTO Post(PostID,ModeratorID,Username,RestProfileID,RatingID) VALUES (25,4,'ekennerknechto',23,42);
INSERT INTO Post(PostID,ModeratorID,Username,RestProfileID,RatingID) VALUES (26,5,'avanderweedenburgp',32,30);
INSERT INTO Post(PostID,ModeratorID,Username,RestProfileID,RatingID) VALUES (27,4,'jguillartq',19,38);
INSERT INTO Post(PostID,ModeratorID,Username,RestProfileID,RatingID) VALUES (28,3,'pstroverr',20,3);
INSERT INTO Post(PostID,ModeratorID,Username,RestProfileID,RatingID) VALUES (29,1,'dpavitts',25,7);
INSERT INTO Post(PostID,ModeratorID,Username,RestProfileID,RatingID) VALUES (30,5,'adillamoret',18,11);
INSERT INTO Post(PostID,ModeratorID,Username,RestProfileID,RatingID) VALUES (31,2,'sbletsou',15,5);
INSERT INTO Post(PostID,ModeratorID,Username,RestProfileID,RatingID) VALUES (32,1,'fyousonv',34,20);
INSERT INTO Post(PostID,ModeratorID,Username,RestProfileID,RatingID) VALUES (33,1,'irudolphw',21,6);
INSERT INTO Post(PostID,ModeratorID,Username,RestProfileID,RatingID) VALUES (34,5,'jbernhardix',5,22);
INSERT INTO Post(PostID,ModeratorID,Username,RestProfileID,RatingID) VALUES (35,3,'gospillaney',24,46);
INSERT INTO Post(PostID,ModeratorID,Username,RestProfileID,RatingID) VALUES (36,3,'nallinsonz',16,18);
INSERT INTO Post(PostID,ModeratorID,Username,RestProfileID,RatingID) VALUES (37,2,'ocrottagh10',27,10);
INSERT INTO Post(PostID,ModeratorID,Username,RestProfileID,RatingID) VALUES (38,4,'enicol11',27,8);
INSERT INTO Post(PostID,ModeratorID,Username,RestProfileID,RatingID) VALUES (39,3,'sbridson12',35,46);
INSERT INTO Post(PostID,ModeratorID,Username,RestProfileID,RatingID) VALUES (40,5,'dfordy13',15,36);
INSERT INTO Post(PostID,ModeratorID,Username,RestProfileID,RatingID) VALUES (41,2,'gwinthrop14',36,26);
INSERT INTO Post(PostID,ModeratorID,Username,RestProfileID,RatingID) VALUES (42,2,'achitson15',7,37);
INSERT INTO Post(PostID,ModeratorID,Username,RestProfileID,RatingID) VALUES (43,4,'gstandring16',25,27);
INSERT INTO Post(PostID,ModeratorID,Username,RestProfileID,RatingID) VALUES (44,3,'cscrimgeour17',47,48);
INSERT INTO Post(PostID,ModeratorID,Username,RestProfileID,RatingID) VALUES (45,1,'mhawler18',29,1);
INSERT INTO Post(PostID,ModeratorID,Username,RestProfileID,RatingID) VALUES (46,5,'cblatherwick19',22,36);
INSERT INTO Post(PostID,ModeratorID,Username,RestProfileID,RatingID) VALUES (47,2,'gberrow1a',27,6);
INSERT INTO Post(PostID,ModeratorID,Username,RestProfileID,RatingID) VALUES (48,4,'apolley1b',36,32);
INSERT INTO Post(PostID,ModeratorID,Username,RestProfileID,RatingID) VALUES (49,3,'cabbison1c',34,37);
INSERT INTO Post(PostID,ModeratorID,Username,RestProfileID,RatingID) VALUES (50,3,'sfautly1d',43,40);
INSERT INTO Post(PostID,ModeratorID,Username,RestProfileID,RatingID) VALUES (51,5,'sbletsou',4,31);
INSERT INTO Post(PostID,ModeratorID,Username,RestProfileID,RatingID) VALUES (52,3,'fyousonv',40,20);
INSERT INTO Post(PostID,ModeratorID,Username,RestProfileID,RatingID) VALUES (53,1,'irudolphw',36,13);
INSERT INTO Post(PostID,ModeratorID,Username,RestProfileID,RatingID) VALUES (54,2,'jbernhardix',20,22);
INSERT INTO Post(PostID,ModeratorID,Username,RestProfileID,RatingID) VALUES (55,4,'gospillaney',23,31);
INSERT INTO Post(PostID,ModeratorID,Username,RestProfileID,RatingID) VALUES (56,3,'nallinsonz',26,1);
INSERT INTO Post(PostID,ModeratorID,Username,RestProfileID,RatingID) VALUES (57,5,'ocrottagh10',46,20);
INSERT INTO Post(PostID,ModeratorID,Username,RestProfileID,RatingID) VALUES (58,4,'enicol11',30,50);
INSERT INTO Post(PostID,ModeratorID,Username,RestProfileID,RatingID) VALUES (59,5,'sbridson12',47,6);
INSERT INTO Post(PostID,ModeratorID,Username,RestProfileID,RatingID) VALUES (60,3,'dfordy13',40,2);
INSERT INTO Post(PostID,ModeratorID,Username,RestProfileID,RatingID) VALUES (61,1,'gwinthrop14',18,7);
INSERT INTO Post(PostID,ModeratorID,Username,RestProfileID,RatingID) VALUES (62,4,'achitson15',6,16);
INSERT INTO Post(PostID,ModeratorID,Username,RestProfileID,RatingID) VALUES (63,1,'gstandring16',25,6);
INSERT INTO Post(PostID,ModeratorID,Username,RestProfileID,RatingID) VALUES (64,3,'cscrimgeour17',25,36);
INSERT INTO Post(PostID,ModeratorID,Username,RestProfileID,RatingID) VALUES (65,3,'mhawler18',17,40);
INSERT INTO Post(PostID,ModeratorID,Username,RestProfileID,RatingID) VALUES (66,3,'cblatherwick19',47,6);
INSERT INTO Post(PostID,ModeratorID,Username,RestProfileID,RatingID) VALUES (67,4,'gberrow1a',9,23);
INSERT INTO Post(PostID,ModeratorID,Username,RestProfileID,RatingID) VALUES (68,5,'apolley1b',35,3);
INSERT INTO Post(PostID,ModeratorID,Username,RestProfileID,RatingID) VALUES (69,4,'cabbison1c',47,17);
INSERT INTO Post(PostID,ModeratorID,Username,RestProfileID,RatingID) VALUES (70,5,'sfautly1d',18,41);
INSERT INTO Post(PostID,ModeratorID,Username,RestProfileID,RatingID) VALUES (71,4,'hjimenezj',19,16);
INSERT INTO Post(PostID,ModeratorID,Username,RestProfileID,RatingID) VALUES (72,3,'sradishk',12,41);
INSERT INTO Post(PostID,ModeratorID,Username,RestProfileID,RatingID) VALUES (73,2,'sdouthwaitel',6,14);
INSERT INTO Post(PostID,ModeratorID,Username,RestProfileID,RatingID) VALUES (74,3,'nfazziolim',3,20);
INSERT INTO Post(PostID,ModeratorID,Username,RestProfileID,RatingID) VALUES (75,4,'jpantridgen',6,13);
INSERT INTO Post(PostID,ModeratorID,Username,RestProfileID,RatingID) VALUES (76,4,'ekennerknechto',19,18);
INSERT INTO Post(PostID,ModeratorID,Username,RestProfileID,RatingID) VALUES (77,1,'avanderweedenburgp',48,24);
INSERT INTO Post(PostID,ModeratorID,Username,RestProfileID,RatingID) VALUES (78,1,'jguillartq',14,9);
INSERT INTO Post(PostID,ModeratorID,Username,RestProfileID,RatingID) VALUES (79,1,'pstroverr',44,49);
INSERT INTO Post(PostID,ModeratorID,Username,RestProfileID,RatingID) VALUES (80,3,'dpavitts',35,38);
INSERT INTO Post(PostID,ModeratorID,Username,RestProfileID,RatingID) VALUES (81,4,'adillamoret',15,16);
INSERT INTO Post(PostID,ModeratorID,Username,RestProfileID,RatingID) VALUES (82,3,'nallinsonz',27,41);
INSERT INTO Post(PostID,ModeratorID,Username,RestProfileID,RatingID) VALUES (83,2,'ocrottagh10',50,13);
INSERT INTO Post(PostID,ModeratorID,Username,RestProfileID,RatingID) VALUES (84,3,'enicol11',1,23);
INSERT INTO Post(PostID,ModeratorID,Username,RestProfileID,RatingID) VALUES (85,3,'tjewks9',22,48);
INSERT INTO Post(PostID,ModeratorID,Username,RestProfileID,RatingID) VALUES (86,5,'wdarquea',46,46);
INSERT INTO Post(PostID,ModeratorID,Username,RestProfileID,RatingID) VALUES (87,5,'maveyb',13,30);
INSERT INTO Post(PostID,ModeratorID,Username,RestProfileID,RatingID) VALUES (88,1,'adussyc',21,47);
INSERT INTO Post(PostID,ModeratorID,Username,RestProfileID,RatingID) VALUES (89,1,'mmatczakd',45,17);
INSERT INTO Post(PostID,ModeratorID,Username,RestProfileID,RatingID) VALUES (90,4,'dcuddehye',10,11);
INSERT INTO Post(PostID,ModeratorID,Username,RestProfileID,RatingID) VALUES (91,4,'rwalwoodf',23,42);
INSERT INTO Post(PostID,ModeratorID,Username,RestProfileID,RatingID) VALUES (92,4,'csteptoweg',2,11);
INSERT INTO Post(PostID,ModeratorID,Username,RestProfileID,RatingID) VALUES (93,2,'mlepardh',21,41);
INSERT INTO Post(PostID,ModeratorID,Username,RestProfileID,RatingID) VALUES (94,5,'abiersi',17,18);
INSERT INTO Post(PostID,ModeratorID,Username,RestProfileID,RatingID) VALUES (95,3,'hjimenezj',22,3);
INSERT INTO Post(PostID,ModeratorID,Username,RestProfileID,RatingID) VALUES (96,4,'sradishk',48,9);
INSERT INTO Post(PostID,ModeratorID,Username,RestProfileID,RatingID) VALUES (97,1,'gfruish0',9,50);
INSERT INTO Post(PostID,ModeratorID,Username,RestProfileID,RatingID) VALUES (98,3,'fwaberer1',48,2);
INSERT INTO Post(PostID,ModeratorID,Username,RestProfileID,RatingID) VALUES (99,1,'cbonhan2',34,41);
INSERT INTO Post(PostID,ModeratorID,Username,RestProfileID,RatingID) VALUES (100,2,'gthelwll3',27,50);

#Followership
INSERT INTO Followership(FollowID,RestProfileID,Username) VALUES (1,41,'gfruish0');
INSERT INTO Followership(FollowID,RestProfileID,Username) VALUES (2,39,'fwaberer1');
INSERT INTO Followership(FollowID,RestProfileID,Username) VALUES (3,42,'cbonhan2');
INSERT INTO Followership(FollowID,RestProfileID,Username) VALUES (4,48,'gthelwll3');
INSERT INTO Followership(FollowID,RestProfileID,Username) VALUES (5,24,'dbreslin4');
INSERT INTO Followership(FollowID,RestProfileID,Username) VALUES (6,5,'rdesbrow5');
INSERT INTO Followership(FollowID,RestProfileID,Username) VALUES (7,44,'apykerman6');
INSERT INTO Followership(FollowID,RestProfileID,Username) VALUES (8,49,'ocaws7');
INSERT INTO Followership(FollowID,RestProfileID,Username) VALUES (9,23,'lbollini8');
INSERT INTO Followership(FollowID,RestProfileID,Username) VALUES (10,13,'tjewks9');
INSERT INTO Followership(FollowID,RestProfileID,Username) VALUES (11,20,'wdarquea');
INSERT INTO Followership(FollowID,RestProfileID,Username) VALUES (12,9,'maveyb');
INSERT INTO Followership(FollowID,RestProfileID,Username) VALUES (13,45,'adussyc');
INSERT INTO Followership(FollowID,RestProfileID,Username) VALUES (14,8,'mmatczakd');
INSERT INTO Followership(FollowID,RestProfileID,Username) VALUES (15,17,'dcuddehye');
INSERT INTO Followership(FollowID,RestProfileID,Username) VALUES (16,43,'rwalwoodf');
INSERT INTO Followership(FollowID,RestProfileID,Username) VALUES (17,32,'csteptoweg');
INSERT INTO Followership(FollowID,RestProfileID,Username) VALUES (18,42,'mlepardh');
INSERT INTO Followership(FollowID,RestProfileID,Username) VALUES (19,30,'abiersi');
INSERT INTO Followership(FollowID,RestProfileID,Username) VALUES (20,19,'hjimenezj');
INSERT INTO Followership(FollowID,RestProfileID,Username) VALUES (21,6,'sradishk');
INSERT INTO Followership(FollowID,RestProfileID,Username) VALUES (22,10,'sdouthwaitel');
INSERT INTO Followership(FollowID,RestProfileID,Username) VALUES (23,31,'nfazziolim');
INSERT INTO Followership(FollowID,RestProfileID,Username) VALUES (24,39,'jpantridgen');
INSERT INTO Followership(FollowID,RestProfileID,Username) VALUES (25,21,'ekennerknechto');
INSERT INTO Followership(FollowID,RestProfileID,Username) VALUES (26,26,'avanderweedenburgp');
INSERT INTO Followership(FollowID,RestProfileID,Username) VALUES (27,5,'jguillartq');
INSERT INTO Followership(FollowID,RestProfileID,Username) VALUES (28,21,'pstroverr');
INSERT INTO Followership(FollowID,RestProfileID,Username) VALUES (29,12,'dpavitts');
INSERT INTO Followership(FollowID,RestProfileID,Username) VALUES (30,13,'adillamoret');
INSERT INTO Followership(FollowID,RestProfileID,Username) VALUES (31,26,'sbletsou');
INSERT INTO Followership(FollowID,RestProfileID,Username) VALUES (32,24,'fyousonv');
INSERT INTO Followership(FollowID,RestProfileID,Username) VALUES (33,41,'irudolphw');
INSERT INTO Followership(FollowID,RestProfileID,Username) VALUES (34,19,'jbernhardix');
INSERT INTO Followership(FollowID,RestProfileID,Username) VALUES (35,3,'gospillaney');
INSERT INTO Followership(FollowID,RestProfileID,Username) VALUES (36,41,'nallinsonz');
INSERT INTO Followership(FollowID,RestProfileID,Username) VALUES (37,9,'ocrottagh10');
INSERT INTO Followership(FollowID,RestProfileID,Username) VALUES (38,2,'enicol11');
INSERT INTO Followership(FollowID,RestProfileID,Username) VALUES (39,42,'sbridson12');
INSERT INTO Followership(FollowID,RestProfileID,Username) VALUES (40,23,'dfordy13');
INSERT INTO Followership(FollowID,RestProfileID,Username) VALUES (41,42,'gwinthrop14');
INSERT INTO Followership(FollowID,RestProfileID,Username) VALUES (42,8,'achitson15');
INSERT INTO Followership(FollowID,RestProfileID,Username) VALUES (43,35,'gstandring16');
INSERT INTO Followership(FollowID,RestProfileID,Username) VALUES (44,47,'cscrimgeour17');
INSERT INTO Followership(FollowID,RestProfileID,Username) VALUES (45,5,'mhawler18');
INSERT INTO Followership(FollowID,RestProfileID,Username) VALUES (46,4,'cblatherwick19');
INSERT INTO Followership(FollowID,RestProfileID,Username) VALUES (47,26,'gberrow1a');
INSERT INTO Followership(FollowID,RestProfileID,Username) VALUES (48,9,'apolley1b');
INSERT INTO Followership(FollowID,RestProfileID,Username) VALUES (49,14,'cabbison1c');
INSERT INTO Followership(FollowID,RestProfileID,Username) VALUES (50,15,'sfautly1d');
INSERT INTO Followership(FollowID,RestProfileID,Username) VALUES (51,45,'sbletsou');
INSERT INTO Followership(FollowID,RestProfileID,Username) VALUES (52,13,'fyousonv');
INSERT INTO Followership(FollowID,RestProfileID,Username) VALUES (53,21,'irudolphw');
INSERT INTO Followership(FollowID,RestProfileID,Username) VALUES (54,49,'jbernhardix');
INSERT INTO Followership(FollowID,RestProfileID,Username) VALUES (55,42,'gospillaney');
INSERT INTO Followership(FollowID,RestProfileID,Username) VALUES (56,34,'nallinsonz');
INSERT INTO Followership(FollowID,RestProfileID,Username) VALUES (57,30,'ocrottagh10');
INSERT INTO Followership(FollowID,RestProfileID,Username) VALUES (58,36,'enicol11');
INSERT INTO Followership(FollowID,RestProfileID,Username) VALUES (59,23,'sbridson12');
INSERT INTO Followership(FollowID,RestProfileID,Username) VALUES (60,5,'dfordy13');
INSERT INTO Followership(FollowID,RestProfileID,Username) VALUES (61,9,'gwinthrop14');
INSERT INTO Followership(FollowID,RestProfileID,Username) VALUES (62,43,'achitson15');
INSERT INTO Followership(FollowID,RestProfileID,Username) VALUES (63,17,'gstandring16');
INSERT INTO Followership(FollowID,RestProfileID,Username) VALUES (64,34,'cscrimgeour17');
INSERT INTO Followership(FollowID,RestProfileID,Username) VALUES (65,44,'mhawler18');
INSERT INTO Followership(FollowID,RestProfileID,Username) VALUES (66,49,'cblatherwick19');
INSERT INTO Followership(FollowID,RestProfileID,Username) VALUES (67,32,'gberrow1a');
INSERT INTO Followership(FollowID,RestProfileID,Username) VALUES (68,15,'apolley1b');
INSERT INTO Followership(FollowID,RestProfileID,Username) VALUES (69,45,'cabbison1c');
INSERT INTO Followership(FollowID,RestProfileID,Username) VALUES (70,37,'sfautly1d');
INSERT INTO Followership(FollowID,RestProfileID,Username) VALUES (71,26,'hjimenezj');
INSERT INTO Followership(FollowID,RestProfileID,Username) VALUES (72,47,'sradishk');
INSERT INTO Followership(FollowID,RestProfileID,Username) VALUES (73,23,'sdouthwaitel');
INSERT INTO Followership(FollowID,RestProfileID,Username) VALUES (74,19,'nfazziolim');
INSERT INTO Followership(FollowID,RestProfileID,Username) VALUES (75,3,'jpantridgen');
INSERT INTO Followership(FollowID,RestProfileID,Username) VALUES (76,28,'ekennerknechto');
INSERT INTO Followership(FollowID,RestProfileID,Username) VALUES (77,50,'avanderweedenburgp');
INSERT INTO Followership(FollowID,RestProfileID,Username) VALUES (78,8,'jguillartq');
INSERT INTO Followership(FollowID,RestProfileID,Username) VALUES (79,29,'pstroverr');
INSERT INTO Followership(FollowID,RestProfileID,Username) VALUES (80,8,'dpavitts');
INSERT INTO Followership(FollowID,RestProfileID,Username) VALUES (81,26,'adillamoret');
INSERT INTO Followership(FollowID,RestProfileID,Username) VALUES (82,42,'nallinsonz');
INSERT INTO Followership(FollowID,RestProfileID,Username) VALUES (83,5,'ocrottagh10');
INSERT INTO Followership(FollowID,RestProfileID,Username) VALUES (84,40,'gospillaney');
INSERT INTO Followership(FollowID,RestProfileID,Username) VALUES (85,10,'nallinsonz');
INSERT INTO Followership(FollowID,RestProfileID,Username) VALUES (86,3,'ocrottagh10');
INSERT INTO Followership(FollowID,RestProfileID,Username) VALUES (87,10,'enicol11');
INSERT INTO Followership(FollowID,RestProfileID,Username) VALUES (88,19,'sbridson12');
INSERT INTO Followership(FollowID,RestProfileID,Username) VALUES (89,37,'dfordy13');
INSERT INTO Followership(FollowID,RestProfileID,Username) VALUES (90,3,'gwinthrop14');
INSERT INTO Followership(FollowID,RestProfileID,Username) VALUES (91,11,'achitson15');
INSERT INTO Followership(FollowID,RestProfileID,Username) VALUES (92,17,'gstandring16');
INSERT INTO Followership(FollowID,RestProfileID,Username) VALUES (93,50,'cscrimgeour17');
INSERT INTO Followership(FollowID,RestProfileID,Username) VALUES (94,26,'mhawler18');
INSERT INTO Followership(FollowID,RestProfileID,Username) VALUES (95,4,'cblatherwick19');
INSERT INTO Followership(FollowID,RestProfileID,Username) VALUES (96,8,'gberrow1a');
INSERT INTO Followership(FollowID,RestProfileID,Username) VALUES (97,47,'apolley1b');
INSERT INTO Followership(FollowID,RestProfileID,Username) VALUES (98,6,'cabbison1c');
INSERT INTO Followership(FollowID,RestProfileID,Username) VALUES (99,8,'sfautly1d');
INSERT INTO Followership(FollowID,RestProfileID,Username) VALUES (100,24,'hjimenezj');
INSERT INTO Followership(FollowID,RestProfileID,Username) VALUES (101,1,'fwaberer1');
INSERT INTO Followership(FollowID,RestProfileID,Username) VALUES (102,10,'tjewks9');
INSERT INTO Followership(FollowID,RestProfileID,Username) VALUES (103,44,'wdarquea');
INSERT INTO Followership(FollowID,RestProfileID,Username) VALUES (104,46,'maveyb');
INSERT INTO Followership(FollowID,RestProfileID,Username) VALUES (105,50,'adussyc');
INSERT INTO Followership(FollowID,RestProfileID,Username) VALUES (106,41,'mmatczakd');
INSERT INTO Followership(FollowID,RestProfileID,Username) VALUES (107,47,'dcuddehye');
INSERT INTO Followership(FollowID,RestProfileID,Username) VALUES (108,37,'rwalwoodf');
INSERT INTO Followership(FollowID,RestProfileID,Username) VALUES (109,31,'csteptoweg');
INSERT INTO Followership(FollowID,RestProfileID,Username) VALUES (110,20,'mlepardh');
INSERT INTO Followership(FollowID,RestProfileID,Username) VALUES (111,32,'abiersi');
INSERT INTO Followership(FollowID,RestProfileID,Username) VALUES (112,25,'hjimenezj');
INSERT INTO Followership(FollowID,RestProfileID,Username) VALUES (113,1,'sradishk');
INSERT INTO Followership(FollowID,RestProfileID,Username) VALUES (114,43,'gfruish0');
INSERT INTO Followership(FollowID,RestProfileID,Username) VALUES (115,45,'fwaberer1');
INSERT INTO Followership(FollowID,RestProfileID,Username) VALUES (116,42,'ekennerknechto');
INSERT INTO Followership(FollowID,RestProfileID,Username) VALUES (117,31,'avanderweedenburgp');
INSERT INTO Followership(FollowID,RestProfileID,Username) VALUES (118,49,'jguillartq');
INSERT INTO Followership(FollowID,RestProfileID,Username) VALUES (119,40,'pstroverr');
INSERT INTO Followership(FollowID,RestProfileID,Username) VALUES (120,44,'dpavitts');
INSERT INTO Followership(FollowID,RestProfileID,Username) VALUES (121,23,'adillamoret');
INSERT INTO Followership(FollowID,RestProfileID,Username) VALUES (122,13,'nallinsonz');
INSERT INTO Followership(FollowID,RestProfileID,Username) VALUES (123,35,'ocrottagh10');
INSERT INTO Followership(FollowID,RestProfileID,Username) VALUES (124,34,'enicol11');
INSERT INTO Followership(FollowID,RestProfileID,Username) VALUES (125,25,'tjewks9');
INSERT INTO Followership(FollowID,RestProfileID,Username) VALUES (126,12,'wdarquea');
INSERT INTO Followership(FollowID,RestProfileID,Username) VALUES (127,20,'enicol11');
INSERT INTO Followership(FollowID,RestProfileID,Username) VALUES (128,8,'tjewks9');
INSERT INTO Followership(FollowID,RestProfileID,Username) VALUES (129,29,'wdarquea');
INSERT INTO Followership(FollowID,RestProfileID,Username) VALUES (130,27,'maveyb');
INSERT INTO Followership(FollowID,RestProfileID,Username) VALUES (131,31,'adussyc');
INSERT INTO Followership(FollowID,RestProfileID,Username) VALUES (132,16,'gospillaney');
INSERT INTO Followership(FollowID,RestProfileID,Username) VALUES (133,41,'nallinsonz');
INSERT INTO Followership(FollowID,RestProfileID,Username) VALUES (134,8,'ocrottagh10');
INSERT INTO Followership(FollowID,RestProfileID,Username) VALUES (135,16,'enicol11');
INSERT INTO Followership(FollowID,RestProfileID,Username) VALUES (136,13,'sbridson12');
INSERT INTO Followership(FollowID,RestProfileID,Username) VALUES (137,15,'dfordy13');
INSERT INTO Followership(FollowID,RestProfileID,Username) VALUES (138,15,'gwinthrop14');
INSERT INTO Followership(FollowID,RestProfileID,Username) VALUES (139,1,'achitson15');
INSERT INTO Followership(FollowID,RestProfileID,Username) VALUES (140,40,'gstandring16');
INSERT INTO Followership(FollowID,RestProfileID,Username) VALUES (141,37,'cscrimgeour17');
INSERT INTO Followership(FollowID,RestProfileID,Username) VALUES (142,31,'mhawler18');
INSERT INTO Followership(FollowID,RestProfileID,Username) VALUES (143,11,'cblatherwick19');
INSERT INTO Followership(FollowID,RestProfileID,Username) VALUES (144,2,'gberrow1a');
INSERT INTO Followership(FollowID,RestProfileID,Username) VALUES (145,20,'apolley1b');
INSERT INTO Followership(FollowID,RestProfileID,Username) VALUES (146,14,'cabbison1c');
INSERT INTO Followership(FollowID,RestProfileID,Username) VALUES (147,10,'mlepardh');
INSERT INTO Followership(FollowID,RestProfileID,Username) VALUES (148,2,'abiersi');
INSERT INTO Followership(FollowID,RestProfileID,Username) VALUES (149,1,'hjimenezj');
INSERT INTO Followership(FollowID,RestProfileID,Username) VALUES (150,26,'tjewks9');